{"options":{},"indexes":[{"v":1,"key":{"_id":1},"name":"_id_","ns":"campaign-finance.contributions"},{"v":1,"key":{"contributor":1},"name":"contributor_1","ns":"campaign-finance.contributions","background":true,"safe":null},{"v":1,"key":{"candidate":1},"name":"candidate_1","ns":"campaign-finance.contributions","background":true,"safe":null},{"v":1,"key":{"date":1},"name":"date_1","ns":"campaign-finance.contributions","background":true,"safe":null},{"v":1,"key":{"candidate":1,"date":1},"name":"candidate_1_date_1","ns":"campaign-finance.contributions","background":true,"safe":null},{"v":1,"key":{"campaignId":1,"date":1},"name":"campaignId_1_date_1","ns":"campaign-finance.contributions","background":true,"safe":null}]}