{"options":{},"indexes":[{"v":1,"key":{"_id":1},"name":"_id_","ns":"dc-campaign-finance.candidates"},{"v":1,"unique":true,"key":{"candidateId":1},"name":"candidateId_1","ns":"dc-campaign-finance.candidates","background":true},{"v":1,"key":{"_fts":"text","_ftsx":1},"name":"$**_text","ns":"dc-campaign-finance.candidates","background":true,"weights":{"$**":1},"default_language":"english","language_override":"language","textIndexVersion":2},{"v":1,"unique":true,"key":{"name":1},"name":"name_1","ns":"dc-campaign-finance.candidates","background":true}]}